Species,author.location,site,grass.forb.shrub,Photosynthesis,annual.Perennial,max.height.cm.,Root.diameter..mm.,SRL..mm.g.,Root.tissue.density.gcm.3.,Root.N..,SLA..cm2.g..cm2.g.1.,LDMC..g.g.,Leaf.tissue.density..gcm.3.,Leaf.area..cm2.,tugor.loss.point,Leaf.N....
Alliumtextile,DB/HPG,CHY,F,C3,Perennial,30.48,0.2355,NA,NA,NA,101.8584,0.135925364,0.08137136,1.24325,-0.34556153,2.815
Antennariarosea,AS/AZ,CHY,F,C3,Perennial,NA,NA,NA,NA,NA,NA,0.335732566,NA,NA,-2.85213152,NA
Artemisiafrigida,DB/HPG,CHY,F,C3,Perennial,26.868,0.24195,70.28428596,NA,1.02,213.6270654,0.348899798,0.33609394,0.075220945,-1.261089225,1.953
Astragalusdrummondii,DB/HPG,CHY,F,C3,Perennial,23.784,0.43234,32.31714671,NA,2.18,124.4218462,0.236413273,NA,11.152055,-0.669790392,4.635
Astragaluslaxmannii,DB/HPG,CHY,F,C4,Perennial,14.648,NA,NA,NA,NA,97.56782988,0.25655772,NA,5.37808,-0.885247441,3.39
Astragalusshortianus,DB/HPG,CHY,F,C4,Perennial,10.2625,0.368,43.8479521,NA,2.45,93.66465524,0.174372969,NA,6.0565,-0.663024832,5.453
Boutelouagracilis,DB/HPG,CHY,G,C4,Perennial,15.91,0.204125,68.67957164,0.3752851,0.56,72.99876175,0.49404319,0.412646057,0.6532,-1.599274184,1.508888889
Buchloedactyloides,TRY/ all,CHY,G,C4,Perennial,NA,NA,NA,NA,0.78,131.75231,0.61125,NA,NA,NA,NA
Carexeleocharis,DB/HPG,CHY,G,C3,Perennial,9.955,0.1892,76.88056507,NA,0.716666667,115.4980706,0.403400534,NA,0.95225,-2.430975402,1.742
Cirsiumundulatum,DB/HPG,CHY,F,C3,Perennial,38.61428571,NA,NA,NA,NA,97.29738554,0.228524695,0.41,36.25428571,-1.27780434,1.958
Comandraumbellata,DB/HPG,CHY,F,C3,Perennial,9.485,0.3323,21.75143953,NA,0.82,91.94960823,0.255090913,0.3340517,0.4859,-1.896426384,2.608
Erigeronpumilus,DB/HPG,CHY,F,C4,Perennial,9.58,0.23698,83.89194004,NA,0.98,103.6559933,0.249771608,0.20651597,0.457125,-0.785325331,1.773
Eriogonumeffusum,DB/CPER,CHY,S,C3,Perennial,13.408,NA,NA,NA,NA,100.7953597,0.488384279,NA,1.749,-1.460169072,2.355
Gauracoccinea,DB/CPER,CHY,F,C3,Perennial,17.812,NA,NA,NA,NA,137.561965,0.290132473,NA,1.06725,-1.09411888,2.066666667
Grindeliasquarrosa,DB/HPG,CHY,F,C3,Annual,28.545,0.26828,59.90048882,NA,0.72,85.07890676,0.244203597,0.37,1.068166667,-0.523029793,1.534
Heterothecavillosa,DB/HPG,CHY,F,C3,Perennial,12.812,0.254566667,69.97353922,NA,0.8,115.9404074,0.30257769,NA,0.733125,-0.551132887,2.032
Koeleriapyramidata,DB/HPG,CHY,G,C3,Perennial,15.7,0.15324,162.2700823,0.334,0.516666667,83.88686134,0.401028467,0.487,2.385375,-1.435339472,1.385
Lactucaserriola,NA,CHY,F,C3,Biennial,83.75,NA,NA,NA,NA,NA,NA,NA,NA,NA,NA
Lappularedowskii,DB/HPG,CHY,F,C3,Annual,16.09,0.13325,378.8427103,NA,1.78,231.0757905,0.203229243,NA,0.238642857,-0.816724467,2.356
Lepidiumdensiflorum,DB/HPG,CHY,F,C3,Annual,15.27428571,0.15235,282.0899068,0.40364305,1.816666667,169.268439,0.207452531,0.46227389,0.634055556,-0.728598717,3.598
Lesquerellamontana,DB/HPG,CHY,F,C3,Perennial,4.92,0.171,190.2181779,NA,1.828571429,92.82327376,0.211131504,NA,0.696166667,-0.880043165,2.744
Leucocrinummontanum,DB/HPG,CHY,F,C3,Perennial,8.33,0.7363,15.67955314,NA,0.44,110.7022838,0.18218106,NA,3.031,-1.138695709,3.129
Liatrispunctata,DB/HPG,CHY,F,C3,Perennial,14.145,0.310216667,76.8619003,0.119538812,1.06,61.75097249,0.301120214,0.5097965,0.947,-0.560396499,1.583
Linariadalmatica,TRY/AZ,CHY,F,C4,Perennial,60.7,NA,NA,NA,1.001,145.72879,0.21475,NA,4.2554429,NA,NA
Lygodesmiajuncea,AS/MO,CHY,F,C3,Perennial,NA,NA,NA,NA,NA,101.5325763,0.203896624,NA,NA,NA,NA
Machaerantherapinnatifida,NA,CHY,F,C3,Perennial,NA,NA,NA,NA,NA,NA,0.365723939,NA,NA,NA,NA
Mertensialanceolata,DB/HPG,CHY,F,C3,Perennial,10.37,0.18698,73.76156396,NA,1.425,129.3438491,0.208128531,NA,1.1595,-0.791050036,2.834
Mirabilislinearis,NA,CHY,F,C3,Perennial,NA,NA,NA,NA,NA,NA,NA,NA,NA,NA,NA
Musineondivaricatum,DB/HPG,CHY,F,C3,Perennial,6.85,NA,NA,NA,NA,98.72758824,0.194083985,0.16887982,3.292,-1.102265773,3.204
Oenotheracoronopifolia,DB/HPG,CHY,F,C4,Perennial,11.875,0.3129,72.47169235,NA,1.06,87.39339585,0.243119051,NA,0.9455,-0.672808872,1.775
Pascopyrumsmithii,DB/HPG,CHY,G,C3,Perennial,31.055,0.3128,39.31760857,0.2845681,0.88,75.48453217,0.381474082,0.46392425,5.1705,-1.395786971,2.31
Penstemonalbidus,DB/HPG,CHY,F,C3,Perennial,13.425,0.23682,118.2733738,NA,0.94,96.92319451,0.271293342,NA,2.184,-0.523550221,1.668
Phloxhoodii,DB/HPG,CHY,F,C4,Perennial,2.825,0.33018,47.89818564,0.327272727,1.18,139.5070877,0.262580645,0.40898618,0.030829593,-0.848817505,2.326666667
Plantagopatagonica,DB/HPG,CHY,F,C3,Annual,7.655,0.168471429,264.2943584,NA,1.25,111.1843241,0.250117064,NA,1.199,-0.42831196,1.294
Potentillapensylvanica,NA,CHY,F,C3,Perennial,NA,NA,NA,NA,NA,NA,NA,NA,NA,NA,NA
Sphaeralceacoccinea,DB/HPG,CHY,F,C3,Perennial,8.865,0.259766667,70.74975685,0.133333333,1.5,91.28928662,0.300322517,0.22081766,2.609722222,-0.940412773,2.475
Stipacomata,DB/HPG,CHY,G,C3,Perennial,25.305,0.286883333,39.04902073,0.65,0.683333333,59.60760204,0.443618722,0.28232236,1.44825,-1.933388738,1.578
Taraxacumofficinale,NA,CHY,F,C3,Annual,NA,NA,NA,NA,NA,NA,NA,NA,NA,NA,NA
Tragopogondubius,DB/CPER,CHY,F,C3,Biennial,51.08075,0.434975,22.84106,0.3711031,1.137,141.6648016,0.217106333,0.3306402,8.4654524,-1.074377472,3.029
Vulpiaoctoflora,DB/HPG,CHY,G,C3,Annual,6.495,0.12178,484.0989444,0.243376475,1.18,150.1410832,0.277615645,0.7305598,0.144238,-1.804843108,2.106
Achilleamillefolium,ST/KUT; TRY/KZ,HYS,F,C3,Perennial,40.359167,0.2537,73.90947,0.3156046,0.685,169.867,0.28098,0.272,2.3824048,-1.8366896,NA
Ambrosiapsilostachya,AS/HAYS,HYS,F,C3,Perennial,44.425,NA,NA,NA,1.29,108.6214169,0.2879133,0.67,4.920375,-2.73749216,NA
Andropogonternarius,TRY/USDA,HYS,G,C4,Perennial,118.872,NA,NA,NA,NA,NA,NA,NA,NA,NA,NA
Aristidapurpurea,AS/HAYS,HYS,G,C4,Annual,7.35,0.2046,120.4515543,0.278714286,NA,103.569861,0.475938433,0.5223002,0.2265,-2.6865728,NA
Asterericoides,NA,HYS,F,C3,Perennial,NA,NA,NA,NA,NA,NA,NA,NA,NA,NA,NA
Asteroblongifolius,TRY/KZ,HYS,F,C3,Perennial,52.3,0.3149333,44.7963,0.3241536,NA,127.32011,NA,0.4587015,NA,NA,NA
Astragaluscrassicarpus,TRY/KZ,HYS,F,C3,Perennial,NA,NA,NA,NA,NA,135.86957,NA,0.46,NA,NA,NA
Boutelouacurtipendula,AS/HAYS,HYS,G,C4,Perennial,68.495,0.12054,222.8852772,0.45474026,0.884,158.4683619,0.441390407,0.5498623,4.08076,-2.8125968,NA
Boutelouagracilis,AS/HAYS,HYS,G,C4,Perennial,26.0065,0.183741667,123.04093,0.3752851,0.56,130.267628,0.482589445,0.412646057,0.92273,-3.80408,1.6829445
Boutelouahirsuta,AS/HAYS,HYS,G,C4,Perennial,NA,NA,NA,NA,NA,NA,0.463121629,NA,NA,-2.5251488,NA
Bromusjaponicus,TRY/global,HYS,G,C3,Annual,31.42857,NA,NA,NA,NA,NA,0.2866,0.33,2.499,NA,NA
Buchloedactyloides,TRY/KZ,HYS,G,C4,Perennial,NA,NA,NA,NA,0.78,131.75231,0.5325,NA,NA,NA,NA
Cirsiumundulatum,AS/HAYS,HYS,F,C3,Perennial,43.87714286,NA,NA,NA,NA,71.73601,0.256133344,0.41,41.22380952,-1.080581418,1.964714286
Conyzacanadensis,NA,HYS,F,C3,Annual,96.65909,NA,NA,NA,NA,0.00924,NA,NA,NA,NA,NA
Erigeronstrigosus,AS/HAYS,HYS,F,C3,Annual,65.9,NA,NA,NA,NA,83.33333,0.93,0.4,1.11,NA,NA
Erysimumasperum,AS/HAYS,HYS,F,C3,Biennial,NA,NA,NA,NA,NA,NA,0.263038549,NA,NA,NA,NA
Gutierreziasarothrae,AS/HAYS,HYS,S,C3,Perennial,38.14667,0.2064,88.03055556,0.36,1.24,95.2121,0.376374603,0.15435775,0.19084,-2.454065,1.534
Hedeomahispida,TRY/KZ,HYS,F,C3,Annual,NA,NA,NA,NA,NA,115.15152,NA,0.4824561,NA,NA,NA
Kuhniaeupatorioides,TRY/KZ,HYS,F,C3,Perennial,89.5,NA,NA,NA,NA,140.25245,NA,0.31,NA,NA,NA
Lepidiumdensiflorum,ST/KUT; TRY/KZ,HYS,F,C3,Annual,21.6007619,0.10341665,312.705475,0.40364305,1.816666667,179.214455,0.199008,0.4774524,0.66040278,-0.839135831,3.707
Liatrispunctata,AS/HAYS,HYS,F,C3,Perennial,30.68167,0.3042,118.81,0.168,1.06,54.39829,0.312267,0.469593,1.21275,-0.914981833,1.664
Linumrigidum,NA,HYS,F,C3,Annual,NA,NA,NA,NA,NA,NA,NA,NA,NA,NA,NA
Machaerantherapinnatifida,AS/HAYS,HYS,F,C3,Perennial,NA,NA,NA,NA,NA,NA,0.365723939,NA,NA,NA,NA
Medicagolupulina,TRY/KZ,HYS,F,C3,Annual,41.40291,0.215,303.5787,0.1045,3.2291685,182.43243,0.19152005,0.3915344,7.48,NA,NA
Melilotusofficinalis,TRY/KZ,HYS,F,C3,Biennial,134.6,NA,NA,NA,NA,132.33083,0.2376667,0.2906469,NA,NA,NA
Opuntiapolyacantha,NA,HYS,S,C3,Perennial,60.96,NA,NA,NA,NA,NA,NA,NA,NA,NA,NA
Oxalisstricta,AS/HAYS,HYS,F,C3,Perennial,29.30083,NA,NA,NA,NA,255.10204,0.169414116,0.28,8.438333,NA,NA
Pascopyrumsmithii,AS/HAYS; ST/KUT,HYS,G,C3,Perennial,37.07833333,0.195,122.15,0.285,1.004,52.67848466,0.455234911,0.46392425,7.28583335,-2.584984914,2.1925
Plantagopatagonica,NA,HYS,F,C3,Annual,11.88675,0.168471429,264.2943584,NA,1.25,118.4989024,0.239156986,NA,1.421875,-0.69552658,1.6745
Poapratensis,TRY/KZ,HYS,G,C3,Perennial,43.339,NA,652.0816,0.116875,0.8149322,223.21429,0.3044245,0.3409091,4.3356409,NA,NA
Psoraleatenuiflora,TRY/KZ,HYS,F,C3,Perennial,NA,0.3176333,34.26263,0.4262845,NA,100.06946,NA,0.3569595,NA,NA,NA
Ratibidacolumnifera,AS/HAYS,HYS,F,C3,Perennial,94.488,0.204666667,128.4495034,0.278333333,NA,111.3554043,0.212333434,0.2941176,NA,-1.92912608,NA
Schizachyriumscoparium,AS/HAYS,HYS,G,C4,Perennial,91.4125,0.17486,195.7415543,0.228333333,0.9905,161.2498759,0.341577904,0.7731486,2.43956,-2.254976,NA
Schrankianuttallii,NA,HYS,F,C3,Perennial,NA,NA,NA,NA,NA,NA,NA,NA,NA,NA,NA
Senecioplattensis,NA,HYS,F,C3,Perennial,60,NA,NA,NA,NA,NA,NA,NA,NA,NA,NA
Sileneantirrhina,TRY/KZ,HYS,F,C3,Annual,NA,NA,NA,NA,NA,200,NA,0.3846154,NA,NA,NA
Sphaeralceacoccinea,AS/HAYS,HYS,F,C3,Perennial,22.603,0.2898,129.21,0.133333333,1.5,63.81737363,0.382770141,0.22081766,3.75486111,-1.356136826,2.809
Sporobolusasper,NA,HYS,G,C4,Perennial,95.22,NA,NA,NA,NA,NA,NA,NA,NA,NA,NA
Sporoboluscryptandrus,AS/HAYS,HYS,G,C4,Perennial,85.7,NA,NA,NA,NA,116.95906,0.376709417,0.58,NA,-2.5918896,NA
Thelespermamegapotamicum,AS/HAYS,HYS,F,C3,Perennial,NA,NA,NA,NA,NA,NA,0.264305745,NA,NA,NA,NA
Tragiaramosa,AS/HAYS,HYS,F,C3,Perennial,22.2,NA,NA,NA,NA,NA,0.350332759,NA,NA,NA,NA
Tragopogondubius,ST/KUT,HYS,F,C3,Biennial,51.08075,0.435,22.84,0.371,1.137,110.2,0.217106333,0.377,8.4654524,-1.074377472,3.029
Ambrosiapsilostachya,AS/HAYS,KNZ,F,C3,Perennial,44.425,0.206,145.345,0.374,1.29,108.6214169,0.2879133,0.56,4.920375,-2.73749216,NA
Amorphacanescens,AS/HAYS,KNZ,S,C3,Perennial,NA,0.194,73.78,0.586,NA,179.5875,0.624936769,0.3934341,NA,NA,NA
Andropogongerardii,AS/HAYS; TRY/KZ,KNZ,G,C4,Perennial,NA,0.2409,45.38839,0.4841379,1.44,172.2349175,0.321700284,0.4786185,NA,-2.0594736,NA
Artemisialudoviciana,TRY/KZ;ST,KNZ,F,C3,Perennial,91.44,0.2829667,62.0423,0.2949271,NA,142.8558,NA,0.4447675,NA,NA,NA
Asclepiasstenophylla,TRY/KZ,KNZ,F,C3,Perennial,NA,NA,NA,NA,NA,112.67606,NA,0.3413462,NA,NA,NA
Asclepiasverticillata,TRY/KZ; ST,KNZ,F,C3,Perennial,73.7,0.4293,29.21309,0.2663795,NA,167.08895,NA,0.3837415,NA,NA,NA
Asterericoides,Farrel/iowa,KNZ,F,C3,Perennial,52.57,NA,NA,NA,NA,95.8,0.3376,NA,0.2973,NA,1.2
Baptisiabracteata,TRY/KZ,KNZ,F,C3,Perennial,29.8,NA,NA,NA,NA,168.35017,NA,0.22,NA,NA,NA
Boutelouacurtipendula,TRY/KZ; ST; Farrel/iowa,KNZ,G,C4,Perennial,68.495,0.1827286,100.63455,0.5510436,0.884,160.67665,0.425945204,0.548931,4.08076,-3.0114032,1.6
Carexbrevior,TRY/KZ,KNZ,G,C3,Perennial,NA,NA,NA,NA,NA,208.33333,NA,0.3428571,NA,NA,NA
Carexheliophila,NA,KNZ,G,C3,Perennial,NA,NA,NA,NA,NA,NA,NA,NA,NA,NA,NA
Carexmeadii,TRY/KZ,KNZ,G,C3,Perennial,44,NA,NA,NA,NA,208.98642,NA,0.435,NA,NA,NA
Daleacandida,TRY/CAN; Farrel/iowa,KNZ,F,C3,Perennial,64.6,0.3093429,109.4984,0.11247663,NA,87.10801,0.31388,0.41,NA,NA,2.52
Daleapurpurea,TRY/CAN; Farrel/iowa,KNZ,F,C3,Perennial,35.6,0.2737571,142.3345,0.08867978,NA,59.52381,0.31081,0.48,NA,NA,2.36
Dichantheliumacuminatum,ST/KUT,KNZ,G,C3,Perennial,NA,0.168,180.9,0.264,NA,309.4,NA,0.337,NA,NA,NA
Dichantheliumoligosanthes,Farrel/iowa,KNZ,G,C3,Perennial,31.82,NA,NA,NA,NA,100.7,0.32558,NA,3.1738,NA,0.9
Eragrostisspectabilis,TRY/KZ,KNZ,G,C4,Perennial,25.516,NA,NA,0.372,NA,129.47415,NA,0.48,NA,NA,NA
Euphorbianutans,TRY/KZ;ST/KUT,KNZ,F,C4,Annual,39.2778,0.19485,115.46675,0.301148,NA,122.6628,NA,0.6725255,NA,NA,NA
Koeleriapyramidata,ST/KUT,KNZ,G,C3,Perennial,24.1,0.127,283.3,0.334,0.516666667,160.7,0.401028467,0.487,2.385375,-1.435339472,1.385
Lespedezacapitata,TRY/KZ;ST/KUT; Farrel/iowa,KNZ,F,C3,Perennial,110.38267,0.29655,101.85666,0.301551,NA,150.88625,0.38325,0.4289675,NA,NA,2.32
Oxalisstricta,TRY/KZ,KNZ,F,C3,Perennial,29.30083,NA,NA,NA,NA,255.10204,0.169414116,0.28,8.438333,NA,NA
Physalispumila,TRY/KZ,KNZ,F,C3,Perennial,NA,NA,NA,NA,NA,96.62921,NA,0.3980322,NA,NA,NA
Psoraleatenuiflora,TRY/KZ; ST/KUT,KNZ,F,C3,Perennial,NA,0.3176333,58.831315,0.4262845,NA,100.07,NA,0.33698,NA,NA,NA
Ruelliahumilis,TRY/KZ; ST/KUT,KNZ,F,C3,Perennial,46.224,0.4301655,18.73055,0.4105155,NA,182.519,NA,0.3585735,NA,NA,NA
Schizachyriumscoparium,TRY/KZ; ST/KUT,KNZ,G,C4,Perennial,91.4125,0.202475,79.36428,0.444032,0.9905,178.6083,0.341577904,0.7250745,2.43956,-2.254976,NA
Solidagomissouriensis,ST/KUT; Farrel/iowa,KNZ,F,C3,Perennial,91.44,0.262,83.99,0.455,NA,103.333785,0.348382413,0.365,NA,NA,0.96
Sorghastrumnutans,TRY/KZ; ST/KUT; Farrel/ iowa,KNZ,G,C4,Perennial,180.86,0.238,78.45428,0.317752,NA,163.79195,0.39788,0.489839,NA,NA,1.09
Sporobolusasper,NA,KNZ,G,C4,Perennial,95.22,NA,NA,NA,NA,NA,NA,NA,NA,NA,NA
Verbenastricta,TRY/KZ,KNZ,F,C3,Perennial,90,NA,NA,NA,NA,115.94203,NA,0.2875,NA,NA,NA
Artemisiafrigida,DB/CPER,SGS,F,C3,Perennial,33.84,0.24195,70.28428596,NA,1.02,169.4188881,0.430576332,0.33609394,0.6698,-2.2888,1.943
Boutelouagracilis,DB/CPER,SGS,G,C4,Perennial,23.136,0.183741667,123.04093,0.3752851,0.56,125.5501051,0.480014021,0.412646057,1.018,-2.1479208,1.857
Buchloedactyloides,TRY/ all,SGS,G,C4,Perennial,NA,NA,NA,NA,0.78,131.75231,0.61125,NA,NA,NA,NA
Carexeleocharis,DB/CPER,SGS,G,C3,Perennial,12.652,0.1892,76.88056507,NA,0.716666667,110.0503329,0.40284305,NA,1.11075,-2.15417688,1.753
Cirsiumundulatum,DB/CPER,SGS,F,C3,Perennial,49.14,NA,NA,NA,NA,92.92159789,0.261275317,0.41,46.19333333,-0.883358496,1.971428571
Conyzacanadensis,NA,SGS,F,C3,Annual,96.65909,NA,NA,NA,NA,0.00924,NA,NA,NA,NA,NA
Cryptanthaminima,NA,NA,NA,NA,NA,NA,NA,NA,NA,NA,NA,NA,NA,NA,NA,NA
Echinocereusviridiflorus,NA,SGS,F,CAM,Perennial,NA,NA,NA,NA,NA,NA,NA,NA,NA,NA,NA
Elymuselymoides,NA,SGS,G,C3,Perennial,NA,NA,NA,NA,NA,NA,NA,NA,NA,NA,NA
Ericamerianauseosa,NA,SGS,F,C3,Perennial,NA,NA,NA,NA,NA,NA,NA,NA,NA,NA,NA
Heterothecavillosa,DB/CPER,SGS,F,C3,Perennial,19.29333333,0.254566667,69.97353922,NA,0.8,125.3067938,0.328382588,NA,1.50075,-1.30543536,2.544
Ipomopsislaxiflora,NA,SGS,F,C3,Biennial,NA,NA,NA,NA,NA,NA,NA,NA,NA,NA,NA
Lepidiumdensiflorum,DB/CPER,SGS,F,C3,Annual,17.528,0.119727767,317.5002833,0.40364305,1.816666667,175.1400009,0.190562613,0.46227389,0.68675,-0.949672944,3.816
Machaerantheratanacetifolia,NA,SGS,F,C3,Annual,NA,NA,NA,NA,NA,NA,NA,NA,NA,NA,NA
Oenotherasp.,NA,SGS,NA,NA,NA,NA,NA,NA,NA,NA,NA,NA,NA,NA,NA,NA
Opuntiapolyacantha,NA,SGS,S,C3,Perennial,60.96,NA,NA,NA,NA,NA,NA,NA,NA,NA,NA
Plantagopatagonica,DB/CPER,SGS,F,C3,Annual,9.412,0.168471429,264.2943584,NA,1.25,125.8134807,0.228196907,NA,1.64475,-0.9627412,2.055
Salsolatragus,NA,SGS,F,C4,Annual,NA,NA,NA,NA,NA,NA,NA,NA,NA,NA,NA
Sisymbriumaltissimum,TRY/global,SGS,F,C3,Annual,90.645835,NA,NA,NA,NA,208,0.1219667,NA,NA,NA,NA
Sphaeralceacoccinea,DB/CPER,SGS,F,C3,Perennial,13.224,0.274783335,99.97988,0.133333333,1.5,102.8873489,0.335130805,0.22081766,4.9,-1.77186088,3.143
Thelespermafilifolium,NA,SGS,F,C3,Annual,NA,NA,NA,NA,NA,NA,NA,NA,NA,NA,NA
Tragopogondubius,DB/CPER,SGS,F,C3,Biennial,38.908,0.434975,22.84106,0.3711031,1.137,173.150804,0.197718638,0.3306402,9.15,-1.074377472,3.029
Vulpiaoctoflora,DB/CPER,SGS,G,C3,Annual,7.264,0.12178,484.0989444,0.243376475,1.18,192.4544519,0.382109717,0.7305598,0.1421,-1.804843108,1.775555556
Allioniaincarnata,AS/NM; RG/sev,SBU,F,C4,Perennial,NA,NA,NA,NA,NA,174.4222318,0.234886336,NA,NA,-2.0904368,2.0315
Astragalusfeensis,RG/sev,SBU,F,C3,Perennial,NA,NA,NA,NA,NA,137.0900484,NA,NA,NA,NA,4.6213
Astragalussp.,NA,NA,NA,NA,NA,NA,NA,NA,NA,NA,NA,NA,NA,NA,NA,NA
Chamaesycelata,NA,SBU,F,C4,Perennial,NA,NA,NA,NA,NA,NA,NA,NA,NA,NA,NA
Chamaesyceserrula,RG/sev; sevLTER/blue,SBU,F,C4,Annual,NA,NA,NA,NA,NA,200.318309,0.29294965,NA,NA,NA,1.5738
Cryptanthacrassisepala,RG/sev; sevLTER/ blue,SBU,F,C3,Annual,NA,NA,NA,NA,NA,177.568032,0.1474635,NA,NA,NA,1.3902
Descurainiapinnata,NA,SBU,F,C3,Annual,60,NA,NA,NA,NA,NA,NA,NA,NA,NA,NA
Euphorbiaexstipulata,RG/sev; sevLTER/ blue,SBU,F,C3,Perennial,NA,NA,NA,NA,NA,214.6976351,0.1639677,NA,NA,NA,2.4043
Gutierreziasarothrae,AS/AZ,SBU,S,C3,Perennial,23,0.2064,88.03055556,0.36,1.24,100.1001,0.39024694,0.15435775,0.19084,-2.6681648,1.534
Hoffmannseggiadrepanocarpa,RG/sev; sevLTER/ blue,SBU,F,C3,Perennial,NA,NA,NA,NA,NA,157.2577,0.34375,NA,NA,NA,2.0165
Ipomopsispumila,RG/sev,SBU,F,C3,Annual,NA,NA,NA,NA,NA,140.5887511,NA,NA,NA,NA,2.1754
Kallstroemiaparviflora,RG/sev; sevLTER/ blue and black,SBU,F,C4,Annual,NA,NA,35.12971,NA,NA,255.3065862,0.1840491,NA,NA,NA,1.6903
Lesquerellafendleri,NA,SBU,F,C3,Perennial,NA,NA,NA,NA,NA,NA,NA,NA,NA,NA,NA
Linumpuberulum,RG/sev,SBU,F,C3,Annual,NA,NA,NA,NA,NA,92.05271912,NA,NA,NA,NA,1.4107
Machaerantherapinnatifida,RG/sev,SBU,F,C3,Perennial,NA,NA,NA,NA,NA,141.826168,0.365723939,NA,NA,NA,2.1071
Muhlenbergiaarenicola,RG/sev,SBU,G,C4,Perennial,NA,NA,NA,NA,NA,144.308259,NA,NA,NA,NA,2.062
Oenotheracaespitosa,sevLTER/ blue,SBU,F,C3,Perennial,15.24,NA,21.5562,NA,NA,184.4391,0.1641565,NA,NA,NA,NA
Phaceliacrenulata,RG/sev; sevLTER/black,SBU,F,C3,Annual,NA,NA,NA,NA,NA,174.0738454,0.1261692,NA,NA,NA,2.4692
Plantagopatagonica,RG/sev; sevLTER/ blue and black,SBU,F,C3,Annual,11.88675,0.168471429,24.58387,NA,1.25,110.755,0.231891593,NA,1.421875,-0.69552658,1.8764
Pleuraphisjamesii,RG/sev,SBU,G,C3,Perennial,60.96,NA,NA,NA,NA,139.5706886,NA,NA,NA,NA,1.2327
Sphaeralceapolychroma,RG/sev,SBU,F,C3,Perennial,NA,NA,NA,NA,NA,119.6743415,NA,NA,NA,NA,4.3008
Sporobolussp.,RG/sev,SBU,G,C4,Perennial,NA,NA,NA,NA,NA,101.7955765,NA,NA,NA,NA,1.2816
Allioniaincarnata,AS/NM; RG/sev,SBK,F,C4,Perennial,NA,NA,NA,NA,NA,174.4222318,0.234886336,NA,NA,-2.0904368,2.0315
Alliummacropetalum,NA,SBK,F,C3,Perennial,NA,NA,NA,NA,NA,NA,NA,NA,NA,NA,NA
Aristidaadscensionis,TRY/global; sevLTER/ blue,SBK,G,C4,Annual,29.33333,NA,162.48222,NA,NA,265.2631,0.352607,NA,NA,NA,NA
Astragalusfeensis,NA,SBK,F,C3,Perennial,NA,NA,NA,NA,NA,NA,NA,NA,NA,NA,NA
Astragalussp.,NA,NA,NA,NA,NA,NA,NA,NA,NA,NA,NA,NA,NA,NA,NA,NA
Boutelouaeriopoda,AS/NM; RG/sev,SBK,G,C4,Perennial,60.96,NA,NA,NA,NA,165.7349725,0.358500582,NA,NA,-2.6979008,2.11225
Boutelouagracilis,TRY/AZ,SBK,G,C4,Perennial,34.5,0.183741667,123.04093,0.3752851,0.56,110.4342855,0.41375,0.412646057,1.09699,-2.517091661,1.3646
Chamaesycealbomarginata,RG/sev,SBK,G,C4,Perennial,NA,NA,NA,NA,NA,126.4952309,NA,NA,1.2973,NA,NA
Chamaesyceserpyllifolia,TRY/AZ; RG/sev,SBK,F,C4,Annual,1.527778,NA,NA,NA,NA,199.2828272,NA,NA,NA,NA,1.6056
Dasyochloapulchella,AS/NM; RG/sev,SBK,G,C4,Perennial,NA,NA,NA,NA,NA,165.6899912,0.440023543,NA,NA,-4.6562288,1.055
Descurainiapinnata,NA,SBK,F,C3,Annual,60,NA,NA,NA,NA,NA,NA,NA,NA,NA,NA
Echinomastusintertextus,NA,SBK,S,CAM,Perennial,NA,NA,NA,NA,NA,NA,NA,NA,NA,NA,NA
Escobariavivipara,NA,SBK,S,CAM,Perennial,NA,NA,NA,NA,NA,NA,NA,NA,NA,NA,NA
Euphorbiaexstipulata,RG/sev,SBK,F,C3,Perennial,NA,NA,NA,NA,NA,214.6976351,NA,NA,NA,NA,2.4043
Gauracoccinea,RG/sev; sevLTER/ blue,SBK,F,C3,Perennial,NA,NA,73.07968,NA,NA,149.3403465,0.2637897,NA,NA,NA,2.5336
Glandulariabipinnatifida,TRY/KZ,SBK,F,C3,Perennial,NA,NA,NA,NA,NA,144.3609,NA,0.2770833,NA,NA,NA
Kallstroemiaparviflora,RG/sev; sevLTER/ blue and black,SBK,F,C4,Annual,NA,NA,35.12971,NA,NA,261.6331,0.2186391,NA,NA,NA,1.6903
Lepidiumdensiflorum,TRY/AZ,SBK,F,C3,Annual,32,0.15235,NA,0.40364305,1.421,223.95658,0.1758455,0.46227389,2.4471636,-0.839135831,3.707
Lotusplebeius,NA,SBK,F,C3,Perennial,NA,NA,NA,NA,NA,NA,NA,NA,NA,NA,NA
Muhlenbergiaarenicola,RG/sev,SBK,G,C4,Perennial,NA,NA,NA,NA,NA,144.308259,NA,NA,NA,NA,2.062
Oenotheracaespitosa,NA; sevLTER/blue + black,SBK,F,C3,Perennial,15.24,NA,21.5562,NA,NA,297.9888,0.1205563,NA,NA,NA,NA
Plantagopatagonica,RG/sev; sevLTER/blue and black,SBK,F,C3,Annual,11.88675,0.168471429,24.58387,NA,1.25,183.5855,0.221869643,NA,1.421875,-0.69552658,1.8764
Salsolatragus,NA,SBK,F,C4,Annual,NA,NA,NA,NA,NA,NA,NA,NA,NA,NA,NA
Sennabauhinioides,NA,SBK,F,C3,Perennial,NA,NA,NA,NA,NA,NA,NA,NA,NA,NA,NA
Sphaeralceahastulata,RG/sev,SBK,F,C3,Perennial,NA,NA,NA,NA,NA,140.4603642,NA,NA,NA,NA,2.31
Sphaeralceapolychroma,RG/sev,SBK,F,C3,Perennial,NA,NA,NA,NA,NA,119.6743415,NA,NA,NA,NA,4.3008
Sporobolussp.,RG/sev,SBK,G,C4,Perennial,NA,NA,NA,NA,NA,159.6265199,NA,NA,NA,NA,2.402
Stephanomeriapauciflora,RG/sev,SBK,F,C3,Perennial,NA,NA,NA,NA,NA,165.979668,NA,NA,NA,NA,2.7742
Zinniagrandiflora,AS/NM,SBK,F,C3,Perennial,NA,NA,NA,NA,NA,NA,0.444217033,NA,NA,-4.05561824,NA
